USE `hzcu_mysql`;

SET NAMES utf8mb4 COLLATE utf8mb4_0900_ai_ci;

INSERT INTO `users` (`user_id`, `username`, `password_hash`, `email`, `phone`, `role`, `status`, `created_at`, `updated_at`) VALUES
(1, 'admin', '$2a$10$rAjI0bP3W03krTREaJvdD.chw34oSdB.ChoUwaVXQ1JsUQyNxbkye', 'admin@example.test', '19900000001', 'ADMIN', 1, '2026-07-01 08:00:00', '2026-07-01 08:00:00'),
(2, 'user01', '$2a$10$qygBIGamiExZaQH8OEReOulFbWqOB8uGgelz/wBHD7Ju.M/QtGEsi', 'user01@example.test', '19900000002', 'USER', 1, '2026-07-01 08:05:00', '2026-07-01 08:05:00'),
(3, 'user02', '$2a$10$qygBIGamiExZaQH8OEReOulFbWqOB8uGgelz/wBHD7Ju.M/QtGEsi', 'user02@example.test', '19900000003', 'USER', 1, '2026-07-01 08:10:00', '2026-07-01 08:10:00'),
(4, 'user03', '$2a$10$qygBIGamiExZaQH8OEReOulFbWqOB8uGgelz/wBHD7Ju.M/QtGEsi', 'user03@example.test', '19900000004', 'USER', 1, '2026-07-01 08:15:00', '2026-07-01 08:15:00'),
(5, 'user04', '$2a$10$qygBIGamiExZaQH8OEReOulFbWqOB8uGgelz/wBHD7Ju.M/QtGEsi', 'user04@example.test', '19900000005', 'USER', 1, '2026-07-01 08:20:00', '2026-07-01 08:20:00'),
(6, 'user05', '$2a$10$qygBIGamiExZaQH8OEReOulFbWqOB8uGgelz/wBHD7Ju.M/QtGEsi', 'user05@example.test', '19900000006', 'USER', 1, '2026-07-01 08:25:00', '2026-07-01 08:25:00'),
(7, 'auditor01', '$2a$10$qygBIGamiExZaQH8OEReOulFbWqOB8uGgelz/wBHD7Ju.M/QtGEsi', 'auditor01@example.test', '19900000007', 'USER', 1, '2026-07-01 08:30:00', '2026-07-01 08:30:00'),
(8, 'auditor02', '$2a$10$qygBIGamiExZaQH8OEReOulFbWqOB8uGgelz/wBHD7Ju.M/QtGEsi', 'auditor02@example.test', '19900000008', 'USER', 0, '2026-07-01 08:35:00', '2026-07-01 08:35:00'),
(9, 'manager01', '$2a$10$rAjI0bP3W03krTREaJvdD.chw34oSdB.ChoUwaVXQ1JsUQyNxbkye', 'manager01@example.test', '19900000009', 'ADMIN', 1, '2026-07-01 08:40:00', '2026-07-01 08:40:00'),
(10, 'manager02', '$2a$10$rAjI0bP3W03krTREaJvdD.chw34oSdB.ChoUwaVXQ1JsUQyNxbkye', 'manager02@example.test', '19900000010', 'ADMIN', 1, '2026-07-01 08:45:00', '2026-07-01 08:45:00');

INSERT INTO `categories` (`category_id`, `name`, `parent_id`) VALUES
(1, '血液类型', NULL),
(2, '血液成分', NULL),
(3, '业务类型', NULL),
(4, 'A型', 1),
(5, 'B型', 1),
(6, 'AB型', 1),
(7, 'O型', 1),
(8, '全血', 2),
(9, '红细胞', 2),
(10, '血浆', 2);

INSERT INTO `items` (`item_id`, `title`, `category_id`, `amount`, `status`, `created_at`, `updated_at`) VALUES
(1, 'A型全血库存批次-001', 4, 1200.00, 1, '2026-07-01 09:00:00', '2026-07-01 09:00:00'),
(2, 'B型全血库存批次-002', 5, 800.00, 1, '2026-07-01 09:10:00', '2026-07-01 09:10:00'),
(3, 'AB型血浆库存批次-003', 6, 600.00, 1, '2026-07-01 09:20:00', '2026-07-01 09:20:00'),
(4, 'O型红细胞库存批次-004', 7, 950.00, 1, '2026-07-01 09:30:00', '2026-07-01 09:30:00'),
(5, 'A型红细胞库存批次-005', 9, 700.00, 1, '2026-07-01 09:40:00', '2026-07-01 09:40:00'),
(6, 'B型血浆库存批次-006', 10, 400.00, 1, '2026-07-01 09:50:00', '2026-07-01 09:50:00'),
(7, 'AB型全血库存批次-007', 8, 500.00, 1, '2026-07-01 10:00:00', '2026-07-01 10:00:00'),
(8, 'O型血浆库存批次-008', 10, 300.00, 1, '2026-07-01 10:10:00', '2026-07-01 10:10:00'),
(9, 'A型血浆库存批次-009', 10, 650.00, 1, '2026-07-01 10:20:00', '2026-07-01 10:20:00'),
(10, 'B型红细胞库存批次-010', 9, 550.00, 1, '2026-07-01 10:30:00', '2026-07-01 10:30:00'),
(11, 'AB型红细胞库存批次-011', 9, 450.00, 1, '2026-07-02 09:00:00', '2026-07-02 09:00:00'),
(12, 'O型全血库存批次-012', 8, 1100.00, 1, '2026-07-02 09:10:00', '2026-07-02 09:10:00'),
(13, 'A型全血库存批次-013', 8, 1000.00, 1, '2026-07-02 09:20:00', '2026-07-02 09:20:00'),
(14, 'B型血浆库存批次-014', 10, 350.00, 0, '2026-07-02 09:30:00', '2026-07-02 09:30:00'),
(15, 'AB型血浆库存批次-015', 10, 520.00, 1, '2026-07-02 09:40:00', '2026-07-02 09:40:00'),
(16, 'O型红细胞库存批次-016', 9, 760.00, 1, '2026-07-02 09:50:00', '2026-07-02 09:50:00'),
(17, 'A型血浆库存批次-017', 10, 390.00, 1, '2026-07-02 10:00:00', '2026-07-02 10:00:00'),
(18, 'B型全血库存批次-018', 8, 880.00, 1, '2026-07-02 10:10:00', '2026-07-02 10:10:00'),
(19, 'AB型全血库存批次-019', 8, 620.00, 1, '2026-07-02 10:20:00', '2026-07-02 10:20:00'),
(20, 'O型血浆库存批次-020', 10, 410.00, 1, '2026-07-02 10:30:00', '2026-07-02 10:30:00');

INSERT INTO `profiles` (`profile_id`, `user_id`, `real_name`, `id_card`, `blood_type`, `address`, `notes`) VALUES
(1, 1, '超级管理员', 'TEST-ID-0001', 'A型', '测试地址 1', '超级管理员档案'),
(2, 2, '测试操作员一', 'TEST-ID-0002', 'A型', '测试地址 2', '操作员档案'),
(3, 3, '测试操作员二', 'TEST-ID-0003', 'B型', '测试地址 3', '操作员档案'),
(4, 4, '测试操作员三', 'TEST-ID-0004', 'AB型', '测试地址 4', '操作员档案'),
(5, 5, '测试操作员四', 'TEST-ID-0005', 'O型', '测试地址 5', '操作员档案'),
(6, 6, '测试操作员五', 'TEST-ID-0006', 'A型', '测试地址 6', '操作员档案'),
(7, 7, '测试审核员一', 'TEST-ID-0007', 'B型', '测试地址 7', '审核员档案'),
(8, 8, '测试审核员二', 'TEST-ID-0008', 'AB型', '测试地址 8', '禁用账号档案'),
(9, 9, '测试主管一', 'TEST-ID-0009', 'O型', '测试地址 9', '主管档案'),
(10, 10, '测试主管二', 'TEST-ID-0010', 'A型', '测试地址 10', '主管档案');

INSERT INTO `orders` (`order_id`, `user_id`, `item_id`, `amount`, `status`, `created_at`) VALUES
(1, 2, 1, 200.00, 0, '2026-07-03 08:00:00'),
(2, 3, 2, 150.00, 1, '2026-07-03 08:15:00'),
(3, 4, 3, 100.00, 2, '2026-07-03 08:30:00'),
(4, 5, 4, 180.00, 1, '2026-07-03 08:45:00'),
(5, 6, 5, 120.00, 0, '2026-07-03 09:00:00'),
(6, 7, 6, 80.00, 1, '2026-07-03 09:15:00'),
(7, 9, 7, 160.00, 2, '2026-07-03 09:30:00'),
(8, 10, 8, 90.00, 0, '2026-07-03 09:45:00'),
(9, 2, 9, 140.00, 1, '2026-07-03 10:00:00'),
(10, 3, 10, 110.00, 0, '2026-07-03 10:15:00'),
(11, 4, 11, 60.00, 1, '2026-06-05 08:20:00'),
(12, 5, 12, 220.00, 1, '2026-06-08 09:10:00'),
(13, 6, 13, 180.00, 0, '2026-06-12 10:30:00'),
(14, 7, 14, 70.00, 2, '2026-06-18 14:00:00'),
(15, 9, 15, 130.00, 1, '2026-06-25 15:45:00'),
(16, 10, 16, 210.00, 1, '2026-08-02 08:40:00'),
(17, 2, 17, 75.00, 0, '2026-08-06 11:15:00'),
(18, 3, 18, 260.00, 1, '2026-08-11 13:20:00'),
(19, 4, 19, 95.00, 2, '2026-08-16 16:05:00'),
(20, 5, 20, 145.00, 1, '2026-08-22 09:35:00'),
(21, 1, 1, 120.00, 0, '2026-06-03 08:20:00'),
(22, 1, 5, 90.00, 1, '2026-06-18 10:40:00'),
(23, 1, 8, 60.00, 2, '2026-07-07 14:15:00'),
(24, 1, 12, 180.00, 1, '2026-07-19 09:30:00'),
(25, 1, 15, 75.00, 0, '2026-08-09 16:10:00');
